/data2/seongbin/GBR/checkout/AaltoXml_4_b/src/main/java/com/fasterxml/aalto/in/Utf8Scanner.java,/data2/seongbin/GBR/checkout/AaltoXml_4_f/src/main/java/com/fasterxml/aalto/in/Utf8Scanner.java,AaltoXml
/data2/seongbin/GBR/checkout/Assertj_assertions_generator_1_b/src/main/java/org/assertj/assertions/generator/BaseAssertionGenerator.java,/data2/seongbin/GBR/checkout/Assertj_assertions_generator_1_f/src/main/java/org/assertj/assertions/generator/BaseAssertionGenerator.java,Assertj_assertions_generator
/data2/seongbin/GBR/checkout/Assertj_assertions_generator_2_b/src/main/java/org/assertj/assertions/generator/description/DataDescription.java,/data2/seongbin/GBR/checkout/Assertj_assertions_generator_2_f/src/main/java/org/assertj/assertions/generator/description/DataDescription.java,Assertj_assertions_generator
/data2/seongbin/GBR/checkout/Bcel_1_b/src/main/java/org/apache/bcel/classfile/ConstantUtf8.java,/data2/seongbin/GBR/checkout/Bcel_1_f/src/main/java/org/apache/bcel/classfile/ConstantUtf8.java,Bcel
/data2/seongbin/GBR/checkout/Bcel_5_b/src/main/java/org/apache/bcel/classfile/ConstantPool.java,/data2/seongbin/GBR/checkout/Bcel_5_f/src/main/java/org/apache/bcel/classfile/ConstantPool.java,Bcel
/data2/seongbin/GBR/checkout/Ber_tlv_3_b/src/main/java/com/payneteasy/tlv/BerTlvParser.java,/data2/seongbin/GBR/checkout/Ber_tlv_3_f/src/main/java/com/payneteasy/tlv/BerTlvParser.java,Ber_tlv
/data2/seongbin/GBR/checkout/Cayenne_jgroups_1_b/cayenne-jgroups/src/main/java/org/apache/cayenne/event/JGroupsModule.java,/data2/seongbin/GBR/checkout/Cayenne_jgroups_1_f/cayenne-jgroups/src/main/java/org/apache/cayenne/event/JGroupsModule.java,Cayenne_jgroups
/data2/seongbin/GBR/checkout/Cayenne_jms_1_b/cayenne-jms/src/main/java/org/apache/cayenne/event/JMSModule.java,/data2/seongbin/GBR/checkout/Cayenne_jms_1_f/cayenne-jms/src/main/java/org/apache/cayenne/event/JMSModule.java,Cayenne_jms
/data2/seongbin/GBR/checkout/Cayenne_xmpp_1_b/cayenne-xmpp/src/main/java/org/apache/cayenne/event/XMPPModule.java,/data2/seongbin/GBR/checkout/Cayenne_xmpp_1_f/cayenne-xmpp/src/main/java/org/apache/cayenne/event/XMPPModule.java,Cayenne_xmpp
/data2/seongbin/GBR/checkout/Cli_7_b/src/java/org/apache/commons/cli2/builder/PatternBuilder.java,/data2/seongbin/GBR/checkout/Cli_7_f/src/java/org/apache/commons/cli2/builder/PatternBuilder.java,Cli
/data2/seongbin/GBR/checkout/Cli_8_b/src/java/org/apache/commons/cli/HelpFormatter.java,/data2/seongbin/GBR/checkout/Cli_8_f/src/java/org/apache/commons/cli/HelpFormatter.java,Cli
/data2/seongbin/GBR/checkout/Cli_10_b/src/java/org/apache/commons/cli/Parser.java,/data2/seongbin/GBR/checkout/Cli_10_f/src/java/org/apache/commons/cli/Parser.java,Cli
/data2/seongbin/GBR/checkout/Cli_11_b/src/java/org/apache/commons/cli/HelpFormatter.java,/data2/seongbin/GBR/checkout/Cli_11_f/src/java/org/apache/commons/cli/HelpFormatter.java,Cli
/data2/seongbin/GBR/checkout/Cli_25_b/src/java/org/apache/commons/cli/HelpFormatter.java,/data2/seongbin/GBR/checkout/Cli_25_f/src/java/org/apache/commons/cli/HelpFormatter.java,Cli
/data2/seongbin/GBR/checkout/Cli_28_b/src/java/org/apache/commons/cli/Parser.java,/data2/seongbin/GBR/checkout/Cli_28_f/src/java/org/apache/commons/cli/Parser.java,Cli
/data2/seongbin/GBR/checkout/Cli_40_b/src/main/java/org/apache/commons/cli/TypeHandler.java,/data2/seongbin/GBR/checkout/Cli_40_f/src/main/java/org/apache/commons/cli/TypeHandler.java,Cli
/data2/seongbin/GBR/checkout/Closure_10_b/src/com/google/javascript/jscomp/NodeUtil.java,/data2/seongbin/GBR/checkout/Closure_10_f/src/com/google/javascript/jscomp/NodeUtil.java,Closure
/data2/seongbin/GBR/checkout/Closure_13_b/src/com/google/javascript/jscomp/PeepholeOptimizationsPass.java,/data2/seongbin/GBR/checkout/Closure_13_f/src/com/google/javascript/jscomp/PeepholeOptimizationsPass.java,Closure
/data2/seongbin/GBR/checkout/Closure_14_b/src/com/google/javascript/jscomp/ControlFlowAnalysis.java,/data2/seongbin/GBR/checkout/Closure_14_f/src/com/google/javascript/jscomp/ControlFlowAnalysis.java,Closure
/data2/seongbin/GBR/checkout/Closure_18_b/src/com/google/javascript/jscomp/Compiler.java,/data2/seongbin/GBR/checkout/Closure_18_f/src/com/google/javascript/jscomp/Compiler.java,Closure
/data2/seongbin/GBR/checkout/Closure_31_b/src/com/google/javascript/jscomp/Compiler.java,/data2/seongbin/GBR/checkout/Closure_31_f/src/com/google/javascript/jscomp/Compiler.java,Closure
/data2/seongbin/GBR/checkout/Closure_38_b/src/com/google/javascript/jscomp/CodeConsumer.java,/data2/seongbin/GBR/checkout/Closure_38_f/src/com/google/javascript/jscomp/CodeConsumer.java,Closure
/data2/seongbin/GBR/checkout/Closure_52_b/src/com/google/javascript/jscomp/CodeGenerator.java,/data2/seongbin/GBR/checkout/Closure_52_f/src/com/google/javascript/jscomp/CodeGenerator.java,Closure
/data2/seongbin/GBR/checkout/Closure_57_b/src/com/google/javascript/jscomp/ClosureCodingConvention.java,/data2/seongbin/GBR/checkout/Closure_57_f/src/com/google/javascript/jscomp/ClosureCodingConvention.java,Closure
/data2/seongbin/GBR/checkout/Closure_62_b/src/com/google/javascript/jscomp/LightweightMessageFormatter.java,/data2/seongbin/GBR/checkout/Closure_62_f/src/com/google/javascript/jscomp/LightweightMessageFormatter.java,Closure
/data2/seongbin/GBR/checkout/Closure_65_b/src/com/google/javascript/jscomp/CodeGenerator.java,/data2/seongbin/GBR/checkout/Closure_65_f/src/com/google/javascript/jscomp/CodeGenerator.java,Closure
/data2/seongbin/GBR/checkout/Closure_67_b/src/com/google/javascript/jscomp/AnalyzePrototypeProperties.java,/data2/seongbin/GBR/checkout/Closure_67_f/src/com/google/javascript/jscomp/AnalyzePrototypeProperties.java,Closure
/data2/seongbin/GBR/checkout/Closure_70_b/src/com/google/javascript/jscomp/TypedScopeCreator.java,/data2/seongbin/GBR/checkout/Closure_70_f/src/com/google/javascript/jscomp/TypedScopeCreator.java,Closure
/data2/seongbin/GBR/checkout/Closure_71_b/src/com/google/javascript/jscomp/CheckAccessControls.java,/data2/seongbin/GBR/checkout/Closure_71_f/src/com/google/javascript/jscomp/CheckAccessControls.java,Closure
/data2/seongbin/GBR/checkout/Closure_73_b/src/com/google/javascript/jscomp/CodeGenerator.java,/data2/seongbin/GBR/checkout/Closure_73_f/src/com/google/javascript/jscomp/CodeGenerator.java,Closure
/data2/seongbin/GBR/checkout/Closure_86_b/src/com/google/javascript/jscomp/NodeUtil.java,/data2/seongbin/GBR/checkout/Closure_86_f/src/com/google/javascript/jscomp/NodeUtil.java,Closure
/data2/seongbin/GBR/checkout/Closure_92_b/src/com/google/javascript/jscomp/ProcessClosurePrimitives.java,/data2/seongbin/GBR/checkout/Closure_92_f/src/com/google/javascript/jscomp/ProcessClosurePrimitives.java,Closure
/data2/seongbin/GBR/checkout/Closure_104_b/src/com/google/javascript/rhino/jstype/UnionType.java,/data2/seongbin/GBR/checkout/Closure_104_f/src/com/google/javascript/rhino/jstype/UnionType.java,Closure
/data2/seongbin/GBR/checkout/Closure_113_b/src/com/google/javascript/jscomp/ProcessClosurePrimitives.java,/data2/seongbin/GBR/checkout/Closure_113_f/src/com/google/javascript/jscomp/ProcessClosurePrimitives.java,Closure
/data2/seongbin/GBR/checkout/Closure_114_b/src/com/google/javascript/jscomp/NameAnalyzer.java,/data2/seongbin/GBR/checkout/Closure_114_f/src/com/google/javascript/jscomp/NameAnalyzer.java,Closure
/data2/seongbin/GBR/checkout/Closure_123_b/src/com/google/javascript/jscomp/CodeGenerator.java,/data2/seongbin/GBR/checkout/Closure_123_f/src/com/google/javascript/jscomp/CodeGenerator.java,Closure
/data2/seongbin/GBR/checkout/Closure_125_b/src/com/google/javascript/jscomp/TypeCheck.java,/data2/seongbin/GBR/checkout/Closure_125_f/src/com/google/javascript/jscomp/TypeCheck.java,Closure
/data2/seongbin/GBR/checkout/Closure_130_b/src/com/google/javascript/jscomp/CollapseProperties.java,/data2/seongbin/GBR/checkout/Closure_130_f/src/com/google/javascript/jscomp/CollapseProperties.java,Closure
/data2/seongbin/GBR/checkout/Closure_168_b/src/com/google/javascript/jscomp/TypedScopeCreator.java,/data2/seongbin/GBR/checkout/Closure_168_f/src/com/google/javascript/jscomp/TypedScopeCreator.java,Closure
/data2/seongbin/GBR/checkout/Codec_2_b/src/java/org/apache/commons/codec/binary/Base64.java,/data2/seongbin/GBR/checkout/Codec_2_f/src/java/org/apache/commons/codec/binary/Base64.java,Codec
/data2/seongbin/GBR/checkout/Codec_4_b/src/java/org/apache/commons/codec/binary/Base64.java,/data2/seongbin/GBR/checkout/Codec_4_f/src/java/org/apache/commons/codec/binary/Base64.java,Codec
/data2/seongbin/GBR/checkout/Codec_7_b/src/java/org/apache/commons/codec/binary/Base64.java,/data2/seongbin/GBR/checkout/Codec_7_f/src/java/org/apache/commons/codec/binary/Base64.java,Codec
/data2/seongbin/GBR/checkout/Codec_9_b/src/java/org/apache/commons/codec/binary/Base64.java,/data2/seongbin/GBR/checkout/Codec_9_f/src/java/org/apache/commons/codec/binary/Base64.java,Codec
/data2/seongbin/GBR/checkout/Codec_10_b/src/java/org/apache/commons/codec/language/Caverphone.java,/data2/seongbin/GBR/checkout/Codec_10_f/src/java/org/apache/commons/codec/language/Caverphone.java,Codec
/data2/seongbin/GBR/checkout/Codec_16_b/src/main/java/org/apache/commons/codec/binary/Base32.java,/data2/seongbin/GBR/checkout/Codec_16_f/src/main/java/org/apache/commons/codec/binary/Base32.java,Codec
/data2/seongbin/GBR/checkout/Codec_18_b/src/main/java/org/apache/commons/codec/binary/StringUtils.java,/data2/seongbin/GBR/checkout/Codec_18_f/src/main/java/org/apache/commons/codec/binary/StringUtils.java,Codec
/data2/seongbin/GBR/checkout/Collections_26_b/src/main/java/org/apache/commons/collections4/keyvalue/MultiKey.java,/data2/seongbin/GBR/checkout/Collections_26_f/src/main/java/org/apache/commons/collections4/keyvalue/MultiKey.java,Collections
/data2/seongbin/GBR/checkout/Collections_30_b/src/main/java/org/apache/commons/collections4/ListUtils.java,/data2/seongbin/GBR/checkout/Collections_30_f/src/main/java/org/apache/commons/collections4/ListUtils.java,Collections
/data2/seongbin/GBR/checkout/Compress_19_b/src/main/java/org/apache/commons/compress/archivers/zip/Zip64ExtendedInformationExtraField.java,/data2/seongbin/GBR/checkout/Compress_19_f/src/main/java/org/apache/commons/compress/archivers/zip/Zip64ExtendedInformationExtraField.java,Compress
/data2/seongbin/GBR/checkout/Compress_23_b/src/main/java/org/apache/commons/compress/archivers/sevenz/Coders.java,/data2/seongbin/GBR/checkout/Compress_23_f/src/main/java/org/apache/commons/compress/archivers/sevenz/Coders.java,Compress
/data2/seongbin/GBR/checkout/Compress_38_b/src/main/java/org/apache/commons/compress/archivers/tar/TarArchiveEntry.java,/data2/seongbin/GBR/checkout/Compress_38_f/src/main/java/org/apache/commons/compress/archivers/tar/TarArchiveEntry.java,Compress
/data2/seongbin/GBR/checkout/Csv_1_b/src/main/java/org/apache/commons/csv/ExtendedBufferedReader.java,/data2/seongbin/GBR/checkout/Csv_1_f/src/main/java/org/apache/commons/csv/ExtendedBufferedReader.java,Csv
/data2/seongbin/GBR/checkout/Csv_4_b/src/main/java/org/apache/commons/csv/CSVParser.java,/data2/seongbin/GBR/checkout/Csv_4_f/src/main/java/org/apache/commons/csv/CSVParser.java,Csv
/data2/seongbin/GBR/checkout/Csv_11_b/src/main/java/org/apache/commons/csv/CSVParser.java,/data2/seongbin/GBR/checkout/Csv_11_f/src/main/java/org/apache/commons/csv/CSVParser.java,Csv
/data2/seongbin/GBR/checkout/Csv_12_b/src/main/java/org/apache/commons/csv/CSVFormat.java,/data2/seongbin/GBR/checkout/Csv_12_f/src/main/java/org/apache/commons/csv/CSVFormat.java,Csv
/data2/seongbin/GBR/checkout/Csv_14_b/src/main/java/org/apache/commons/csv/CSVFormat.java,/data2/seongbin/GBR/checkout/Csv_14_f/src/main/java/org/apache/commons/csv/CSVFormat.java,Csv
/data2/seongbin/GBR/checkout/Dbutils_2_b/src/main/java/org/apache/commons/dbutils/BasicRowProcessor.java,/data2/seongbin/GBR/checkout/Dbutils_2_f/src/main/java/org/apache/commons/dbutils/BasicRowProcessor.java,Dbutils
/data2/seongbin/GBR/checkout/Deltaspike_api_1_b/deltaspike/core/api/src/main/java/org/apache/deltaspike/core/util/metadata/builder/AnnotatedTypeImpl.java,/data2/seongbin/GBR/checkout/Deltaspike_api_1_f/deltaspike/core/api/src/main/java/org/apache/deltaspike/core/util/metadata/builder/AnnotatedTypeImpl.java,Deltaspike_api
/data2/seongbin/GBR/checkout/Deltaspike_api_4_b/deltaspike/core/api/src/main/java/org/apache/deltaspike/core/api/config/ConfigResolver.java,/data2/seongbin/GBR/checkout/Deltaspike_api_4_f/deltaspike/core/api/src/main/java/org/apache/deltaspike/core/api/config/ConfigResolver.java,Deltaspike_api
/data2/seongbin/GBR/checkout/Deltaspike_api_5_b/deltaspike/core/api/src/main/java/org/apache/deltaspike/core/api/config/ConfigResolver.java,/data2/seongbin/GBR/checkout/Deltaspike_api_5_f/deltaspike/core/api/src/main/java/org/apache/deltaspike/core/api/config/ConfigResolver.java,Deltaspike_api
/data2/seongbin/GBR/checkout/Flume_ngcore_1_b/flume-ng-core/src/main/java/org/apache/flume/source/SyslogUtils.java,/data2/seongbin/GBR/checkout/Flume_ngcore_1_f/flume-ng-core/src/main/java/org/apache/flume/source/SyslogUtils.java,Flume_ngcore
/data2/seongbin/GBR/checkout/Graph_5_b/src/main/java/org/apache/commons/graph/shortestpath/PredecessorsList.java,/data2/seongbin/GBR/checkout/Graph_5_f/src/main/java/org/apache/commons/graph/shortestpath/PredecessorsList.java,Graph
/data2/seongbin/GBR/checkout/Gson_4_b/gson/src/main/java/com/google/gson/stream/JsonReader.java,/data2/seongbin/GBR/checkout/Gson_4_f/gson/src/main/java/com/google/gson/stream/JsonReader.java,Gson
/data2/seongbin/GBR/checkout/Hivemall_core_3_b/core/src/main/java/hivemall/GeneralLearnerBaseUDTF.java,/data2/seongbin/GBR/checkout/Hivemall_core_3_f/core/src/main/java/hivemall/GeneralLearnerBaseUDTF.java,Hivemall_core
/data2/seongbin/GBR/checkout/Hono_client_4_b/client/src/main/java/org/eclipse/hono/client/Command.java,/data2/seongbin/GBR/checkout/Hono_client_4_f/client/src/main/java/org/eclipse/hono/client/Command.java,Hono_client
/data2/seongbin/GBR/checkout/HttpClient5_2_b/httpclient5/src/main/java/org/apache/hc/client5/http/impl/io/PoolingHttpClientConnectionManager.java,/data2/seongbin/GBR/checkout/HttpClient5_2_f/httpclient5/src/main/java/org/apache/hc/client5/http/impl/io/PoolingHttpClientConnectionManager.java,HttpClient5
/data2/seongbin/GBR/checkout/HttpClient5_7_b/httpclient5/src/main/java/org/apache/hc/client5/http/entity/mime/MultipartEntityBuilder.java,/data2/seongbin/GBR/checkout/HttpClient5_7_f/httpclient5/src/main/java/org/apache/hc/client5/http/entity/mime/MultipartEntityBuilder.java,HttpClient5
/data2/seongbin/GBR/checkout/IO_3_b/src/java/org/apache/commons/io/FileUtils.java,/data2/seongbin/GBR/checkout/IO_3_f/src/java/org/apache/commons/io/FileUtils.java,IO
/data2/seongbin/GBR/checkout/IO_6_b/src/java/org/apache/commons/io/FilenameUtils.java,/data2/seongbin/GBR/checkout/IO_6_f/src/java/org/apache/commons/io/FilenameUtils.java,IO
/data2/seongbin/GBR/checkout/IO_8_b/src/java/org/apache/commons/io/FileUtils.java,/data2/seongbin/GBR/checkout/IO_8_f/src/java/org/apache/commons/io/FileUtils.java,IO
/data2/seongbin/GBR/checkout/IO_11_b/src/java/org/apache/commons/io/input/SwappedDataInputStream.java,/data2/seongbin/GBR/checkout/IO_11_f/src/java/org/apache/commons/io/input/SwappedDataInputStream.java,IO
/data2/seongbin/GBR/checkout/IO_17_b/src/java/org/apache/commons/io/FileSystemUtils.java,/data2/seongbin/GBR/checkout/IO_17_f/src/java/org/apache/commons/io/FileSystemUtils.java,IO
/data2/seongbin/GBR/checkout/IO_18_b/src/main/java/org/apache/commons/io/input/BOMInputStream.java,/data2/seongbin/GBR/checkout/IO_18_f/src/main/java/org/apache/commons/io/input/BOMInputStream.java,IO
/data2/seongbin/GBR/checkout/IO_30_b/src/main/java/org/apache/commons/io/FileUtils.java,/data2/seongbin/GBR/checkout/IO_30_f/src/main/java/org/apache/commons/io/FileUtils.java,IO
/data2/seongbin/GBR/checkout/Imaging_10_b/src/main/java/org/apache/commons/imaging/formats/png/PngImageParser.java,/data2/seongbin/GBR/checkout/Imaging_10_f/src/main/java/org/apache/commons/imaging/formats/png/PngImageParser.java,Imaging
/data2/seongbin/GBR/checkout/Imaging_11_b/src/main/java/org/apache/commons/imaging/formats/png/chunks/PngChunkIhdr.java,/data2/seongbin/GBR/checkout/Imaging_11_f/src/main/java/org/apache/commons/imaging/formats/png/chunks/PngChunkIhdr.java,Imaging
/data2/seongbin/GBR/checkout/Jackrabbit_oak_core_4_b/oak-core/src/main/java/org/apache/jackrabbit/oak/security/authorization/accesscontrol/ACL.java,/data2/seongbin/GBR/checkout/Jackrabbit_oak_core_4_f/oak-core/src/main/java/org/apache/jackrabbit/oak/security/authorization/accesscontrol/ACL.java,Jackrabbit_oak_core
/data2/seongbin/GBR/checkout/JacksonCore_5_b/src/main/java/com/fasterxml/jackson/core/JsonPointer.java,/data2/seongbin/GBR/checkout/JacksonCore_5_f/src/main/java/com/fasterxml/jackson/core/JsonPointer.java,JacksonCore
/data2/seongbin/GBR/checkout/JacksonCore_8_b/src/main/java/com/fasterxml/jackson/core/util/TextBuffer.java,/data2/seongbin/GBR/checkout/JacksonCore_8_f/src/main/java/com/fasterxml/jackson/core/util/TextBuffer.java,JacksonCore
/data2/seongbin/GBR/checkout/JacksonCore_25_b/src/main/java/com/fasterxml/jackson/core/json/ReaderBasedJsonParser.java,/data2/seongbin/GBR/checkout/JacksonCore_25_f/src/main/java/com/fasterxml/jackson/core/json/ReaderBasedJsonParser.java,JacksonCore
/data2/seongbin/GBR/checkout/JacksonCore_29_b/src/main/java/com/fasterxml/jackson/core/JsonFactory.java,/data2/seongbin/GBR/checkout/JacksonCore_29_f/src/main/java/com/fasterxml/jackson/core/JsonFactory.java,JacksonCore
/data2/seongbin/GBR/checkout/JacksonCore_30_b/src/main/java/com/fasterxml/jackson/core/json/UTF8StreamJsonParser.java,/data2/seongbin/GBR/checkout/JacksonCore_30_f/src/main/java/com/fasterxml/jackson/core/json/UTF8StreamJsonParser.java,JacksonCore
/data2/seongbin/GBR/checkout/JacksonDatabind_16_b/src/main/java/com/fasterxml/jackson/databind/introspect/AnnotationMap.java,/data2/seongbin/GBR/checkout/JacksonDatabind_16_f/src/main/java/com/fasterxml/jackson/databind/introspect/AnnotationMap.java,JacksonDatabind
/data2/seongbin/GBR/checkout/JacksonDatabind_17_b/src/main/java/com/fasterxml/jackson/databind/ObjectMapper.java,/data2/seongbin/GBR/checkout/JacksonDatabind_17_f/src/main/java/com/fasterxml/jackson/databind/ObjectMapper.java,JacksonDatabind
/data2/seongbin/GBR/checkout/JacksonDatabind_27_b/src/main/java/com/fasterxml/jackson/databind/deser/BeanDeserializer.java,/data2/seongbin/GBR/checkout/JacksonDatabind_27_f/src/main/java/com/fasterxml/jackson/databind/deser/BeanDeserializer.java,JacksonDatabind
/data2/seongbin/GBR/checkout/JacksonDatabind_34_b/src/main/java/com/fasterxml/jackson/databind/ser/std/NumberSerializer.java,/data2/seongbin/GBR/checkout/JacksonDatabind_34_f/src/main/java/com/fasterxml/jackson/databind/ser/std/NumberSerializer.java,JacksonDatabind
/data2/seongbin/GBR/checkout/JacksonDatabind_37_b/src/main/java/com/fasterxml/jackson/databind/type/SimpleType.java,/data2/seongbin/GBR/checkout/JacksonDatabind_37_f/src/main/java/com/fasterxml/jackson/databind/type/SimpleType.java,JacksonDatabind
/data2/seongbin/GBR/checkout/JacksonDatabind_46_b/src/main/java/com/fasterxml/jackson/databind/type/ReferenceType.java,/data2/seongbin/GBR/checkout/JacksonDatabind_46_f/src/main/java/com/fasterxml/jackson/databind/type/ReferenceType.java,JacksonDatabind
/data2/seongbin/GBR/checkout/JacksonDatabind_57_b/src/main/java/com/fasterxml/jackson/databind/ObjectReader.java,/data2/seongbin/GBR/checkout/JacksonDatabind_57_f/src/main/java/com/fasterxml/jackson/databind/ObjectReader.java,JacksonDatabind
/data2/seongbin/GBR/checkout/JacksonDatabind_70_b/src/main/java/com/fasterxml/jackson/databind/deser/impl/BeanPropertyMap.java,/data2/seongbin/GBR/checkout/JacksonDatabind_70_f/src/main/java/com/fasterxml/jackson/databind/deser/impl/BeanPropertyMap.java,JacksonDatabind
/data2/seongbin/GBR/checkout/JacksonDatabind_71_b/src/main/java/com/fasterxml/jackson/databind/deser/std/StdKeyDeserializer.java,/data2/seongbin/GBR/checkout/JacksonDatabind_71_f/src/main/java/com/fasterxml/jackson/databind/deser/std/StdKeyDeserializer.java,JacksonDatabind
/data2/seongbin/GBR/checkout/JacksonDatabind_82_b/src/main/java/com/fasterxml/jackson/databind/deser/BeanDeserializerFactory.java,/data2/seongbin/GBR/checkout/JacksonDatabind_82_f/src/main/java/com/fasterxml/jackson/databind/deser/BeanDeserializerFactory.java,JacksonDatabind
/data2/seongbin/GBR/checkout/JacksonDatabind_96_b/src/main/java/com/fasterxml/jackson/databind/deser/BasicDeserializerFactory.java,/data2/seongbin/GBR/checkout/JacksonDatabind_96_f/src/main/java/com/fasterxml/jackson/databind/deser/BasicDeserializerFactory.java,JacksonDatabind
/data2/seongbin/GBR/checkout/JacksonDatabind_97_b/src/main/java/com/fasterxml/jackson/databind/node/POJONode.java,/data2/seongbin/GBR/checkout/JacksonDatabind_97_f/src/main/java/com/fasterxml/jackson/databind/node/POJONode.java,JacksonDatabind
/data2/seongbin/GBR/checkout/JacksonDatabind_107_b/src/main/java/com/fasterxml/jackson/databind/jsontype/impl/TypeDeserializerBase.java,/data2/seongbin/GBR/checkout/JacksonDatabind_107_f/src/main/java/com/fasterxml/jackson/databind/jsontype/impl/TypeDeserializerBase.java,JacksonDatabind
/data2/seongbin/GBR/checkout/JacksonDataformatBinary_cbor_1_b/cbor/src/main/java/com/fasterxml/jackson/dataformat/cbor/CBORGenerator.java,/data2/seongbin/GBR/checkout/JacksonDataformatBinary_cbor_1_f/cbor/src/main/java/com/fasterxml/jackson/dataformat/cbor/CBORGenerator.java,JacksonDataformatBinary_cbor
/data2/seongbin/GBR/checkout/JacksonDataformatBinary_cbor_5_b/cbor/src/main/java/com/fasterxml/jackson/dataformat/cbor/CBORParser.java,/data2/seongbin/GBR/checkout/JacksonDataformatBinary_cbor_5_f/cbor/src/main/java/com/fasterxml/jackson/dataformat/cbor/CBORParser.java,JacksonDataformatBinary_cbor
/data2/seongbin/GBR/checkout/JacksonDataformatBinary_smile_1_b/smile/src/main/java/com/fasterxml/jackson/dataformat/smile/SmileFactory.java,/data2/seongbin/GBR/checkout/JacksonDataformatBinary_smile_1_f/smile/src/main/java/com/fasterxml/jackson/dataformat/smile/SmileFactory.java,JacksonDataformatBinary_smile
/data2/seongbin/GBR/checkout/JacksonDataformatsText_yaml_5_b/yaml/src/main/java/com/fasterxml/jackson/dataformat/yaml/YAMLGenerator.java,/data2/seongbin/GBR/checkout/JacksonDataformatsText_yaml_5_f/yaml/src/main/java/com/fasterxml/jackson/dataformat/yaml/YAMLGenerator.java,JacksonDataformatsText_yaml
/data2/seongbin/GBR/checkout/JacksonDataformatsText_yaml_6_b/yaml/src/main/java/com/fasterxml/jackson/dataformat/yaml/YAMLParser.java,/data2/seongbin/GBR/checkout/JacksonDataformatsText_yaml_6_f/yaml/src/main/java/com/fasterxml/jackson/dataformat/yaml/YAMLParser.java,JacksonDataformatsText_yaml
/data2/seongbin/GBR/checkout/JacksonXml_5_b/src/main/java/com/fasterxml/jackson/dataformat/xml/ser/XmlSerializerProvider.java,/data2/seongbin/GBR/checkout/JacksonXml_5_f/src/main/java/com/fasterxml/jackson/dataformat/xml/ser/XmlSerializerProvider.java,JacksonXml
/data2/seongbin/GBR/checkout/James_mime4j_core_4_b/core/src/main/java/org/apache/james/mime4j/codec/DecoderUtil.java,/data2/seongbin/GBR/checkout/James_mime4j_core_4_f/core/src/main/java/org/apache/james/mime4j/codec/DecoderUtil.java,James_mime4j_core
/data2/seongbin/GBR/checkout/James_project_mailet_standard_1_b/mailet/standard/src/main/java/org/apache/james/transport/matchers/SMTPAuthSuccessful.java,/data2/seongbin/GBR/checkout/James_project_mailet_standard_1_f/mailet/standard/src/main/java/org/apache/james/transport/matchers/SMTPAuthSuccessful.java,James_project_mailet_standard
/data2/seongbin/GBR/checkout/Javapoet_1_b/src/main/java/com/squareup/java/JavaWriter.java,/data2/seongbin/GBR/checkout/Javapoet_1_f/src/main/java/com/squareup/java/JavaWriter.java,Javapoet
/data2/seongbin/GBR/checkout/Javapoet_8_b/src/main/java/com/squareup/javawriter/JavaWriter.java,/data2/seongbin/GBR/checkout/Javapoet_8_f/src/main/java/com/squareup/javawriter/JavaWriter.java,Javapoet
/data2/seongbin/GBR/checkout/Javapoet_13_b/src/main/java/com/squareup/javawriter/JavaWriter.java,/data2/seongbin/GBR/checkout/Javapoet_13_f/src/main/java/com/squareup/javawriter/JavaWriter.java,Javapoet
/data2/seongbin/GBR/checkout/Jboss_modules_1_b/src/main/java/org/jboss/modules/maven/MavenSettings.java,/data2/seongbin/GBR/checkout/Jboss_modules_1_f/src/main/java/org/jboss/modules/maven/MavenSettings.java,Jboss_modules
/data2/seongbin/GBR/checkout/Jdbm3_3_b/src/main/java/org/apache/jdbm/PageFile.java,/data2/seongbin/GBR/checkout/Jdbm3_3_f/src/main/java/org/apache/jdbm/PageFile.java,Jdbm3
/data2/seongbin/GBR/checkout/Jena_core_2_b/jena-core/src/main/java/org/apache/jena/vocabulary/VCARD.java,/data2/seongbin/GBR/checkout/Jena_core_2_f/jena-core/src/main/java/org/apache/jena/vocabulary/VCARD.java,Jena_core
/data2/seongbin/GBR/checkout/Johnzon_core_1_b/johnzon-core/src/main/java/org/apache/johnzon/core/JsonStreamParserImpl.java,/data2/seongbin/GBR/checkout/Johnzon_core_1_f/johnzon-core/src/main/java/org/apache/johnzon/core/JsonStreamParserImpl.java,Johnzon_core
/data2/seongbin/GBR/checkout/Johnzon_core_6_b/johnzon-core/src/main/java/org/apache/johnzon/core/JsonObjectImpl.java,/data2/seongbin/GBR/checkout/Johnzon_core_6_f/johnzon-core/src/main/java/org/apache/johnzon/core/JsonObjectImpl.java,Johnzon_core
/data2/seongbin/GBR/checkout/Johnzon_core_9_b/johnzon-core/src/main/java/org/apache/johnzon/core/JsonGeneratorImpl.java,/data2/seongbin/GBR/checkout/Johnzon_core_9_f/johnzon-core/src/main/java/org/apache/johnzon/core/JsonGeneratorImpl.java,Johnzon_core
/data2/seongbin/GBR/checkout/Johnzon_jaxrs_1_b/johnzon-jaxrs/src/main/java/org/apache/johnzon/jaxrs/JohnzonMessageBodyWriter.java,/data2/seongbin/GBR/checkout/Johnzon_jaxrs_1_f/johnzon-jaxrs/src/main/java/org/apache/johnzon/jaxrs/JohnzonMessageBodyWriter.java,Johnzon_jaxrs
/data2/seongbin/GBR/checkout/Johnzon_jsonb_2_b/johnzon-jsonb/src/main/java/org/apache/johnzon/jsonb/serializer/JohnzonSerializationContext.java,/data2/seongbin/GBR/checkout/Johnzon_jsonb_2_f/johnzon-jsonb/src/main/java/org/apache/johnzon/jsonb/serializer/JohnzonSerializationContext.java,Johnzon_jsonb
/data2/seongbin/GBR/checkout/Johnzon_mapper_3_b/johnzon-mapper/src/main/java/org/apache/johnzon/mapper/Mapper.java,/data2/seongbin/GBR/checkout/Johnzon_mapper_3_f/johnzon-mapper/src/main/java/org/apache/johnzon/mapper/Mapper.java,Johnzon_mapper
/data2/seongbin/GBR/checkout/Jsoup_9_b/src/main/java/org/jsoup/nodes/Entities.java,/data2/seongbin/GBR/checkout/Jsoup_9_f/src/main/java/org/jsoup/nodes/Entities.java,Jsoup
/data2/seongbin/GBR/checkout/Jsoup_15_b/src/main/java/org/jsoup/parser/TreeBuilderState.java,/data2/seongbin/GBR/checkout/Jsoup_15_f/src/main/java/org/jsoup/parser/TreeBuilderState.java,Jsoup
/data2/seongbin/GBR/checkout/Jsoup_17_b/src/main/java/org/jsoup/parser/TreeBuilderState.java,/data2/seongbin/GBR/checkout/Jsoup_17_f/src/main/java/org/jsoup/parser/TreeBuilderState.java,Jsoup
/data2/seongbin/GBR/checkout/Jsoup_24_b/src/main/java/org/jsoup/parser/TokeniserState.java,/data2/seongbin/GBR/checkout/Jsoup_24_f/src/main/java/org/jsoup/parser/TokeniserState.java,Jsoup
/data2/seongbin/GBR/checkout/Jsoup_25_b/src/main/java/org/jsoup/parser/Tag.java,/data2/seongbin/GBR/checkout/Jsoup_25_f/src/main/java/org/jsoup/parser/Tag.java,Jsoup
/data2/seongbin/GBR/checkout/Jsoup_29_b/src/main/java/org/jsoup/nodes/Document.java,/data2/seongbin/GBR/checkout/Jsoup_29_f/src/main/java/org/jsoup/nodes/Document.java,Jsoup
/data2/seongbin/GBR/checkout/Jsoup_32_b/src/main/java/org/jsoup/nodes/Element.java,/data2/seongbin/GBR/checkout/Jsoup_32_f/src/main/java/org/jsoup/nodes/Element.java,Jsoup
/data2/seongbin/GBR/checkout/Jsoup_34_b/src/main/java/org/jsoup/parser/CharacterReader.java,/data2/seongbin/GBR/checkout/Jsoup_34_f/src/main/java/org/jsoup/parser/CharacterReader.java,Jsoup
/data2/seongbin/GBR/checkout/Jsoup_37_b/src/main/java/org/jsoup/nodes/Element.java,/data2/seongbin/GBR/checkout/Jsoup_37_f/src/main/java/org/jsoup/nodes/Element.java,Jsoup
/data2/seongbin/GBR/checkout/Jsoup_40_b/src/main/java/org/jsoup/nodes/DocumentType.java,/data2/seongbin/GBR/checkout/Jsoup_40_f/src/main/java/org/jsoup/nodes/DocumentType.java,Jsoup
/data2/seongbin/GBR/checkout/Jsoup_41_b/src/main/java/org/jsoup/nodes/Element.java,/data2/seongbin/GBR/checkout/Jsoup_41_f/src/main/java/org/jsoup/nodes/Element.java,Jsoup
/data2/seongbin/GBR/checkout/Jsoup_43_b/src/main/java/org/jsoup/nodes/Element.java,/data2/seongbin/GBR/checkout/Jsoup_43_f/src/main/java/org/jsoup/nodes/Element.java,Jsoup
/data2/seongbin/GBR/checkout/Jsoup_45_b/src/main/java/org/jsoup/parser/HtmlTreeBuilder.java,/data2/seongbin/GBR/checkout/Jsoup_45_f/src/main/java/org/jsoup/parser/HtmlTreeBuilder.java,Jsoup
/data2/seongbin/GBR/checkout/Jsoup_46_b/src/main/java/org/jsoup/nodes/Entities.java,/data2/seongbin/GBR/checkout/Jsoup_46_f/src/main/java/org/jsoup/nodes/Entities.java,Jsoup
/data2/seongbin/GBR/checkout/Jsoup_47_b/src/main/java/org/jsoup/nodes/Entities.java,/data2/seongbin/GBR/checkout/Jsoup_47_f/src/main/java/org/jsoup/nodes/Entities.java,Jsoup
/data2/seongbin/GBR/checkout/Jsoup_49_b/src/main/java/org/jsoup/nodes/Node.java,/data2/seongbin/GBR/checkout/Jsoup_49_f/src/main/java/org/jsoup/nodes/Node.java,Jsoup
/data2/seongbin/GBR/checkout/Jsoup_51_b/src/main/java/org/jsoup/parser/CharacterReader.java,/data2/seongbin/GBR/checkout/Jsoup_51_f/src/main/java/org/jsoup/parser/CharacterReader.java,Jsoup
/data2/seongbin/GBR/checkout/Jsoup_61_b/src/main/java/org/jsoup/nodes/Element.java,/data2/seongbin/GBR/checkout/Jsoup_61_f/src/main/java/org/jsoup/nodes/Element.java,Jsoup
/data2/seongbin/GBR/checkout/Jsoup_62_b/src/main/java/org/jsoup/parser/HtmlTreeBuilderState.java,/data2/seongbin/GBR/checkout/Jsoup_62_f/src/main/java/org/jsoup/parser/HtmlTreeBuilderState.java,Jsoup
/data2/seongbin/GBR/checkout/Jsoup_64_b/src/main/java/org/jsoup/parser/HtmlTreeBuilderState.java,/data2/seongbin/GBR/checkout/Jsoup_64_f/src/main/java/org/jsoup/parser/HtmlTreeBuilderState.java,Jsoup
/data2/seongbin/GBR/checkout/Jsoup_77_b/src/main/java/org/jsoup/parser/XmlTreeBuilder.java,/data2/seongbin/GBR/checkout/Jsoup_77_f/src/main/java/org/jsoup/parser/XmlTreeBuilder.java,Jsoup
/data2/seongbin/GBR/checkout/Jsoup_86_b/src/main/java/org/jsoup/nodes/Comment.java,/data2/seongbin/GBR/checkout/Jsoup_86_f/src/main/java/org/jsoup/nodes/Comment.java,Jsoup
/data2/seongbin/GBR/checkout/Jsoup_88_b/src/main/java/org/jsoup/nodes/Attribute.java,/data2/seongbin/GBR/checkout/Jsoup_88_f/src/main/java/org/jsoup/nodes/Attribute.java,Jsoup
/data2/seongbin/GBR/checkout/Kie_pmml_commons_1_b/kie-pmml-trusty/kie-pmml-commons/src/main/java/org/kie/pmml/commons/utils/KiePMMLModelUtils.java,/data2/seongbin/GBR/checkout/Kie_pmml_commons_1_f/kie-pmml-trusty/kie-pmml-commons/src/main/java/org/kie/pmml/commons/utils/KiePMMLModelUtils.java,Kie_pmml_commons
/data2/seongbin/GBR/checkout/Kie_pmml_commons_3_b/kie-pmml-trusty/kie-pmml-commons/src/main/java/org/kie/pmml/commons/utils/KiePMMLModelUtils.java,/data2/seongbin/GBR/checkout/Kie_pmml_commons_3_f/kie-pmml-trusty/kie-pmml-commons/src/main/java/org/kie/pmml/commons/utils/KiePMMLModelUtils.java,Kie_pmml_commons
/data2/seongbin/GBR/checkout/Lang_6_b/src/main/java/org/apache/commons/lang3/text/translate/CharSequenceTranslator.java,/data2/seongbin/GBR/checkout/Lang_6_f/src/main/java/org/apache/commons/lang3/text/translate/CharSequenceTranslator.java,Lang
/data2/seongbin/GBR/checkout/Lang_16_b/src/main/java/org/apache/commons/lang3/math/NumberUtils.java,/data2/seongbin/GBR/checkout/Lang_16_f/src/main/java/org/apache/commons/lang3/math/NumberUtils.java,Lang
/data2/seongbin/GBR/checkout/Lang_21_b/src/main/java/org/apache/commons/lang3/time/DateUtils.java,/data2/seongbin/GBR/checkout/Lang_21_f/src/main/java/org/apache/commons/lang3/time/DateUtils.java,Lang
/data2/seongbin/GBR/checkout/Lang_24_b/src/main/java/org/apache/commons/lang3/math/NumberUtils.java,/data2/seongbin/GBR/checkout/Lang_24_f/src/main/java/org/apache/commons/lang3/math/NumberUtils.java,Lang
/data2/seongbin/GBR/checkout/Lang_26_b/src/main/java/org/apache/commons/lang3/time/FastDateFormat.java,/data2/seongbin/GBR/checkout/Lang_26_f/src/main/java/org/apache/commons/lang3/time/FastDateFormat.java,Lang
/data2/seongbin/GBR/checkout/Lang_29_b/src/main/java/org/apache/commons/lang3/SystemUtils.java,/data2/seongbin/GBR/checkout/Lang_29_f/src/main/java/org/apache/commons/lang3/SystemUtils.java,Lang
/data2/seongbin/GBR/checkout/Lang_33_b/src/main/java/org/apache/commons/lang3/ClassUtils.java,/data2/seongbin/GBR/checkout/Lang_33_f/src/main/java/org/apache/commons/lang3/ClassUtils.java,Lang
/data2/seongbin/GBR/checkout/Lang_57_b/src/java/org/apache/commons/lang/LocaleUtils.java,/data2/seongbin/GBR/checkout/Lang_57_f/src/java/org/apache/commons/lang/LocaleUtils.java,Lang
/data2/seongbin/GBR/checkout/Lang_59_b/src/java/org/apache/commons/lang/text/StrBuilder.java,/data2/seongbin/GBR/checkout/Lang_59_f/src/java/org/apache/commons/lang/text/StrBuilder.java,Lang
/data2/seongbin/GBR/checkout/Lang_61_b/src/java/org/apache/commons/lang/text/StrBuilder.java,/data2/seongbin/GBR/checkout/Lang_61_f/src/java/org/apache/commons/lang/text/StrBuilder.java,Lang
/data2/seongbin/GBR/checkout/MShade_6_b/src/main/java/org/apache/maven/plugins/shade/resource/ApacheNoticeResourceTransformer.java,/data2/seongbin/GBR/checkout/MShade_6_f/src/main/java/org/apache/maven/plugins/shade/resource/ApacheNoticeResourceTransformer.java,MShade
/data2/seongbin/GBR/checkout/Math_4j_2_b/src/main/java/org/apache/commons/math3/distribution/HypergeometricDistribution.java,/data2/seongbin/GBR/checkout/Math_4j_2_f/src/main/java/org/apache/commons/math3/distribution/HypergeometricDistribution.java,Math_4j
/data2/seongbin/GBR/checkout/Math_4j_5_b/src/main/java/org/apache/commons/math3/complex/Complex.java,/data2/seongbin/GBR/checkout/Math_4j_5_f/src/main/java/org/apache/commons/math3/complex/Complex.java,Math_4j
/data2/seongbin/GBR/checkout/Math_4j_11_b/src/main/java/org/apache/commons/math3/distribution/MultivariateNormalDistribution.java,/data2/seongbin/GBR/checkout/Math_4j_11_f/src/main/java/org/apache/commons/math3/distribution/MultivariateNormalDistribution.java,Math_4j
/data2/seongbin/GBR/checkout/Math_4j_27_b/src/main/java/org/apache/commons/math3/fraction/Fraction.java,/data2/seongbin/GBR/checkout/Math_4j_27_f/src/main/java/org/apache/commons/math3/fraction/Fraction.java,Math_4j
/data2/seongbin/GBR/checkout/Math_4j_30_b/src/main/java/org/apache/commons/math3/stat/inference/MannWhitneyUTest.java,/data2/seongbin/GBR/checkout/Math_4j_30_f/src/main/java/org/apache/commons/math3/stat/inference/MannWhitneyUTest.java,Math_4j
/data2/seongbin/GBR/checkout/Math_4j_32_b/src/main/java/org/apache/commons/math3/geometry/euclidean/twod/PolygonsSet.java,/data2/seongbin/GBR/checkout/Math_4j_32_f/src/main/java/org/apache/commons/math3/geometry/euclidean/twod/PolygonsSet.java,Math_4j
/data2/seongbin/GBR/checkout/Math_4j_33_b/src/main/java/org/apache/commons/math3/optimization/linear/SimplexTableau.java,/data2/seongbin/GBR/checkout/Math_4j_33_f/src/main/java/org/apache/commons/math3/optimization/linear/SimplexTableau.java,Math_4j
/data2/seongbin/GBR/checkout/Math_4j_34_b/src/main/java/org/apache/commons/math3/genetics/ListPopulation.java,/data2/seongbin/GBR/checkout/Math_4j_34_f/src/main/java/org/apache/commons/math3/genetics/ListPopulation.java,Math_4j
/data2/seongbin/GBR/checkout/Math_4j_41_b/src/main/java/org/apache/commons/math/stat/descriptive/moment/Variance.java,/data2/seongbin/GBR/checkout/Math_4j_41_f/src/main/java/org/apache/commons/math/stat/descriptive/moment/Variance.java,Math_4j
/data2/seongbin/GBR/checkout/Math_4j_57_b/src/main/java/org/apache/commons/math/stat/clustering/KMeansPlusPlusClusterer.java,/data2/seongbin/GBR/checkout/Math_4j_57_f/src/main/java/org/apache/commons/math/stat/clustering/KMeansPlusPlusClusterer.java,Math_4j
/data2/seongbin/GBR/checkout/Math_4j_58_b/src/main/java/org/apache/commons/math/optimization/fitting/GaussianFitter.java,/data2/seongbin/GBR/checkout/Math_4j_58_f/src/main/java/org/apache/commons/math/optimization/fitting/GaussianFitter.java,Math_4j
/data2/seongbin/GBR/checkout/Math_4j_59_b/src/main/java/org/apache/commons/math/util/FastMath.java,/data2/seongbin/GBR/checkout/Math_4j_59_f/src/main/java/org/apache/commons/math/util/FastMath.java,Math_4j
/data2/seongbin/GBR/checkout/Math_4j_61_b/src/main/java/org/apache/commons/math/distribution/PoissonDistributionImpl.java,/data2/seongbin/GBR/checkout/Math_4j_61_f/src/main/java/org/apache/commons/math/distribution/PoissonDistributionImpl.java,Math_4j
/data2/seongbin/GBR/checkout/Math_4j_63_b/src/main/java/org/apache/commons/math/util/MathUtils.java,/data2/seongbin/GBR/checkout/Math_4j_63_f/src/main/java/org/apache/commons/math/util/MathUtils.java,Math_4j
/data2/seongbin/GBR/checkout/Math_4j_69_b/src/main/java/org/apache/commons/math/stat/correlation/PearsonsCorrelation.java,/data2/seongbin/GBR/checkout/Math_4j_69_f/src/main/java/org/apache/commons/math/stat/correlation/PearsonsCorrelation.java,Math_4j
/data2/seongbin/GBR/checkout/Math_4j_70_b/src/main/java/org/apache/commons/math/analysis/solvers/BisectionSolver.java,/data2/seongbin/GBR/checkout/Math_4j_70_f/src/main/java/org/apache/commons/math/analysis/solvers/BisectionSolver.java,Math_4j
/data2/seongbin/GBR/checkout/Math_4j_75_b/src/main/java/org/apache/commons/math/stat/Frequency.java,/data2/seongbin/GBR/checkout/Math_4j_75_f/src/main/java/org/apache/commons/math/stat/Frequency.java,Math_4j
/data2/seongbin/GBR/checkout/Math_4j_80_b/src/main/java/org/apache/commons/math/linear/EigenDecompositionImpl.java,/data2/seongbin/GBR/checkout/Math_4j_80_f/src/main/java/org/apache/commons/math/linear/EigenDecompositionImpl.java,Math_4j
/data2/seongbin/GBR/checkout/Math_4j_82_b/src/main/java/org/apache/commons/math/optimization/linear/SimplexSolver.java,/data2/seongbin/GBR/checkout/Math_4j_82_f/src/main/java/org/apache/commons/math/optimization/linear/SimplexSolver.java,Math_4j
/data2/seongbin/GBR/checkout/Math_4j_85_b/src/java/org/apache/commons/math/analysis/solvers/UnivariateRealSolverUtils.java,/data2/seongbin/GBR/checkout/Math_4j_85_f/src/java/org/apache/commons/math/analysis/solvers/UnivariateRealSolverUtils.java,Math_4j
/data2/seongbin/GBR/checkout/Math_4j_94_b/src/java/org/apache/commons/math/util/MathUtils.java,/data2/seongbin/GBR/checkout/Math_4j_94_f/src/java/org/apache/commons/math/util/MathUtils.java,Math_4j
/data2/seongbin/GBR/checkout/Math_4j_96_b/src/java/org/apache/commons/math/complex/Complex.java,/data2/seongbin/GBR/checkout/Math_4j_96_f/src/java/org/apache/commons/math/complex/Complex.java,Math_4j
/data2/seongbin/GBR/checkout/Math_4j_104_b/src/java/org/apache/commons/math/special/Gamma.java,/data2/seongbin/GBR/checkout/Math_4j_104_f/src/java/org/apache/commons/math/special/Gamma.java,Math_4j
/data2/seongbin/GBR/checkout/Math_4j_105_b/src/java/org/apache/commons/math/stat/regression/SimpleRegression.java,/data2/seongbin/GBR/checkout/Math_4j_105_f/src/java/org/apache/commons/math/stat/regression/SimpleRegression.java,Math_4j
/data2/seongbin/GBR/checkout/MetaModel_core_2_b/core/src/main/java/org/apache/metamodel/util/LegacyDeserializationObjectInputStream.java,/data2/seongbin/GBR/checkout/MetaModel_core_2_f/core/src/main/java/org/apache/metamodel/util/LegacyDeserializationObjectInputStream.java,MetaModel_core
/data2/seongbin/GBR/checkout/MetaModel_core_4_b/core/src/main/java/org/apache/metamodel/query/parser/SelectItemParser.java,/data2/seongbin/GBR/checkout/MetaModel_core_4_f/core/src/main/java/org/apache/metamodel/query/parser/SelectItemParser.java,MetaModel_core
/data2/seongbin/GBR/checkout/MetaModel_csv_1_b/csv/src/main/java/org/apache/metamodel/csv/CsvConfiguration.java,/data2/seongbin/GBR/checkout/MetaModel_csv_1_f/csv/src/main/java/org/apache/metamodel/csv/CsvConfiguration.java,MetaModel_csv
/data2/seongbin/GBR/checkout/MetaModel_jdbc_2_b/jdbc/src/main/java/org/apache/metamodel/jdbc/dialects/SQLServerQueryRewriter.java,/data2/seongbin/GBR/checkout/MetaModel_jdbc_2_f/jdbc/src/main/java/org/apache/metamodel/jdbc/dialects/SQLServerQueryRewriter.java,MetaModel_jdbc
/data2/seongbin/GBR/checkout/MetaModel_jdbc_3_b/jdbc/src/main/java/org/apache/metamodel/jdbc/dialects/SQLServerQueryRewriter.java,/data2/seongbin/GBR/checkout/MetaModel_jdbc_3_f/jdbc/src/main/java/org/apache/metamodel/jdbc/dialects/SQLServerQueryRewriter.java,MetaModel_jdbc
/data2/seongbin/GBR/checkout/MetaModel_pojo_1_b/pojo/src/main/java/org/apache/metamodel/pojo/ObjectTableDataProvider.java,/data2/seongbin/GBR/checkout/MetaModel_pojo_1_f/pojo/src/main/java/org/apache/metamodel/pojo/ObjectTableDataProvider.java,MetaModel_pojo
/data2/seongbin/GBR/checkout/MetaModel_salesforce_1_b/salesforce/src/main/java/org/apache/metamodel/salesforce/SalesforceDataSet.java,/data2/seongbin/GBR/checkout/MetaModel_salesforce_1_f/salesforce/src/main/java/org/apache/metamodel/salesforce/SalesforceDataSet.java,MetaModel_salesforce
/data2/seongbin/GBR/checkout/Mockito_5_b/src/org/mockito/internal/verification/VerificationOverTimeImpl.java,/data2/seongbin/GBR/checkout/Mockito_5_f/src/org/mockito/internal/verification/VerificationOverTimeImpl.java,Mockito
/data2/seongbin/GBR/checkout/Mockito_8_b/src/org/mockito/internal/util/reflection/GenericMetadataSupport.java,/data2/seongbin/GBR/checkout/Mockito_8_f/src/org/mockito/internal/util/reflection/GenericMetadataSupport.java,Mockito
/data2/seongbin/GBR/checkout/Mockito_24_b/src/org/mockito/internal/stubbing/defaultanswers/ReturnsEmptyValues.java,/data2/seongbin/GBR/checkout/Mockito_24_f/src/org/mockito/internal/stubbing/defaultanswers/ReturnsEmptyValues.java,Mockito
/data2/seongbin/GBR/checkout/Mockito_26_b/src/org/mockito/internal/util/Primitives.java,/data2/seongbin/GBR/checkout/Mockito_26_f/src/org/mockito/internal/util/Primitives.java,Mockito
/data2/seongbin/GBR/checkout/Mockito_29_b/src/org/mockito/internal/matchers/Same.java,/data2/seongbin/GBR/checkout/Mockito_29_f/src/org/mockito/internal/matchers/Same.java,Mockito
/data2/seongbin/GBR/checkout/Mockito_34_b/src/org/mockito/internal/invocation/InvocationMatcher.java,/data2/seongbin/GBR/checkout/Mockito_34_f/src/org/mockito/internal/invocation/InvocationMatcher.java,Mockito
/data2/seongbin/GBR/checkout/Mockito_38_b/src/org/mockito/internal/verification/argumentmatching/ArgumentMatchingTool.java,/data2/seongbin/GBR/checkout/Mockito_38_f/src/org/mockito/internal/verification/argumentmatching/ArgumentMatchingTool.java,Mockito
/data2/seongbin/GBR/checkout/Mybatis_pagehelper_2_b/src/main/java/com/github/pagehelper/Page.java,/data2/seongbin/GBR/checkout/Mybatis_pagehelper_2_f/src/main/java/com/github/pagehelper/Page.java,Mybatis_pagehelper
/data2/seongbin/GBR/checkout/Net_15_b/src/main/java/org/apache/commons/net/ftp/parser/NTFTPEntryParser.java,/data2/seongbin/GBR/checkout/Net_15_f/src/main/java/org/apache/commons/net/ftp/parser/NTFTPEntryParser.java,Net
/data2/seongbin/GBR/checkout/Net_17_b/src/main/java/org/apache/commons/net/io/Util.java,/data2/seongbin/GBR/checkout/Net_17_f/src/main/java/org/apache/commons/net/io/Util.java,Net
/data2/seongbin/GBR/checkout/Net_25_b/src/main/java/org/apache/commons/net/ftp/parser/MVSFTPEntryParser.java,/data2/seongbin/GBR/checkout/Net_25_f/src/main/java/org/apache/commons/net/ftp/parser/MVSFTPEntryParser.java,Net
/data2/seongbin/GBR/checkout/Oozie_client_2_b/client/src/main/java/org/apache/oozie/client/rest/JsonToBean.java,/data2/seongbin/GBR/checkout/Oozie_client_2_f/client/src/main/java/org/apache/oozie/client/rest/JsonToBean.java,Oozie_client
/data2/seongbin/GBR/checkout/Pdfbox_fontbox_4_b/fontbox/src/main/java/org/apache/fontbox/ttf/TTFSubsetter.java,/data2/seongbin/GBR/checkout/Pdfbox_fontbox_4_f/fontbox/src/main/java/org/apache/fontbox/ttf/TTFSubsetter.java,Pdfbox_fontbox
/data2/seongbin/GBR/checkout/Pdfbox_pdfbox_1_b/pdfbox/src/main/java/org/apache/pdfbox/io/RandomAccessBuffer.java,/data2/seongbin/GBR/checkout/Pdfbox_pdfbox_1_f/pdfbox/src/main/java/org/apache/pdfbox/io/RandomAccessBuffer.java,Pdfbox_pdfbox
/data2/seongbin/GBR/checkout/Pool_1_b/src/java/org/apache/commons/pool/impl/GenericKeyedObjectPool.java,/data2/seongbin/GBR/checkout/Pool_1_f/src/java/org/apache/commons/pool/impl/GenericKeyedObjectPool.java,Pool
/data2/seongbin/GBR/checkout/Pool_13_b/src/main/java/org/apache/commons/pool2/impl/GenericKeyedObjectPool.java,/data2/seongbin/GBR/checkout/Pool_13_f/src/main/java/org/apache/commons/pool2/impl/GenericKeyedObjectPool.java,Pool
/data2/seongbin/GBR/checkout/Pool_24_b/src/main/java/org/apache/commons/pool2/impl/GenericObjectPool.java,/data2/seongbin/GBR/checkout/Pool_24_f/src/main/java/org/apache/commons/pool2/impl/GenericObjectPool.java,Pool
/data2/seongbin/GBR/checkout/Qpid_client_4_b/qpid-jms-client/src/main/java/org/apache/qpid/jms/provider/failover/FailoverProvider.java,/data2/seongbin/GBR/checkout/Qpid_client_4_f/qpid-jms-client/src/main/java/org/apache/qpid/jms/provider/failover/FailoverProvider.java,Qpid_client
/data2/seongbin/GBR/checkout/Qpid_client_5_b/qpid-jms-client/src/main/java/org/apache/qpid/jms/JmsMessageConsumer.java,/data2/seongbin/GBR/checkout/Qpid_client_5_f/qpid-jms-client/src/main/java/org/apache/qpid/jms/JmsMessageConsumer.java,Qpid_client
/data2/seongbin/GBR/checkout/Qpidjms_client_3_b/client/src/main/java/org/apache/qpid/client/BrokerDetails.java,/data2/seongbin/GBR/checkout/Qpidjms_client_3_f/client/src/main/java/org/apache/qpid/client/BrokerDetails.java,Qpidjms_client
/data2/seongbin/GBR/checkout/RTree_5_b/src/main/java/com/github/davidmoten/rtree/geometry/Point.java,/data2/seongbin/GBR/checkout/RTree_5_f/src/main/java/com/github/davidmoten/rtree/geometry/Point.java,RTree
/data2/seongbin/GBR/checkout/RTree_10_b/src/main/java/com/github/davidmoten/rtree/geometry/Line.java,/data2/seongbin/GBR/checkout/RTree_10_f/src/main/java/com/github/davidmoten/rtree/geometry/Line.java,RTree
/data2/seongbin/GBR/checkout/Rave_commons_1_b/rave-components/rave-commons/src/main/java/org/apache/rave/jdbc/util/DataSourcePopulator.java,/data2/seongbin/GBR/checkout/Rave_commons_1_f/rave-components/rave-commons/src/main/java/org/apache/rave/jdbc/util/DataSourcePopulator.java,Rave_commons
/data2/seongbin/GBR/checkout/Rdf4j_rio_turtle_6_b/core/rio/turtle/src/main/java/org/eclipse/rdf4j/rio/turtle/TurtleParser.java,/data2/seongbin/GBR/checkout/Rdf4j_rio_turtle_6_f/core/rio/turtle/src/main/java/org/eclipse/rdf4j/rio/turtle/TurtleParser.java,Rdf4j_rio_turtle
/data2/seongbin/GBR/checkout/Rdf_jena_1_b/commons-rdf-jena/src/main/java/org/apache/commons/rdf/jena/impl/JenaDatasetImpl.java,/data2/seongbin/GBR/checkout/Rdf_jena_1_f/commons-rdf-jena/src/main/java/org/apache/commons/rdf/jena/impl/JenaDatasetImpl.java,Rdf_jena
/data2/seongbin/GBR/checkout/Restfixture_2_b/src/main/java/smartrics/rest/fitnesse/fixture/RestFixture.java,/data2/seongbin/GBR/checkout/Restfixture_2_f/src/main/java/smartrics/rest/fitnesse/fixture/RestFixture.java,Restfixture
/data2/seongbin/GBR/checkout/Sdk_core_1_b/src/main/java/com/ibm/cloud/sdk/core/util/RequestUtils.java,/data2/seongbin/GBR/checkout/Sdk_core_1_f/src/main/java/com/ibm/cloud/sdk/core/util/RequestUtils.java,Sdk_core
/data2/seongbin/GBR/checkout/Shindig_common_1_b/java/common/src/main/java/org/apache/shindig/common/JsonSerializer.java,/data2/seongbin/GBR/checkout/Shindig_common_1_f/java/common/src/main/java/org/apache/shindig/common/JsonSerializer.java,Shindig_common
/data2/seongbin/GBR/checkout/Shiro_core_46_b/core/src/main/java/org/apache/shiro/session/mgt/SimpleSession.java,/data2/seongbin/GBR/checkout/Shiro_core_46_f/core/src/main/java/org/apache/shiro/session/mgt/SimpleSession.java,Shiro_core
/data2/seongbin/GBR/checkout/Shiro_core_98_b/core/src/main/java/org/apache/shiro/authz/permission/DomainPermission.java,/data2/seongbin/GBR/checkout/Shiro_core_98_f/core/src/main/java/org/apache/shiro/authz/permission/DomainPermission.java,Shiro_core
/data2/seongbin/GBR/checkout/Shiro_core_176_b/core/src/main/java/org/apache/shiro/authc/pam/FirstSuccessfulStrategy.java,/data2/seongbin/GBR/checkout/Shiro_core_176_f/core/src/main/java/org/apache/shiro/authc/pam/FirstSuccessfulStrategy.java,Shiro_core
/data2/seongbin/GBR/checkout/Shiro_core_202_b/core/src/main/java/org/apache/shiro/authc/pam/FirstSuccessfulStrategy.java,/data2/seongbin/GBR/checkout/Shiro_core_202_f/core/src/main/java/org/apache/shiro/authc/pam/FirstSuccessfulStrategy.java,Shiro_core
/data2/seongbin/GBR/checkout/Shiro_web_3_b/web/src/main/java/org/apache/shiro/web/session/HttpServletSession.java,/data2/seongbin/GBR/checkout/Shiro_web_3_f/web/src/main/java/org/apache/shiro/web/session/HttpServletSession.java,Shiro_web
/data2/seongbin/GBR/checkout/Shiro_web_12_b/web/src/main/java/org/apache/shiro/web/filter/authc/BasicHttpAuthenticationFilter.java,/data2/seongbin/GBR/checkout/Shiro_web_12_f/web/src/main/java/org/apache/shiro/web/filter/authc/BasicHttpAuthenticationFilter.java,Shiro_web
/data2/seongbin/GBR/checkout/Sling_apiregions_1_b/src/main/java/org/apache/sling/feature/extension/apiregions/analyser/CheckConfigurationApi.java,/data2/seongbin/GBR/checkout/Sling_apiregions_1_f/src/main/java/org/apache/sling/feature/extension/apiregions/analyser/CheckConfigurationApi.java,Sling_apiregions
/data2/seongbin/GBR/checkout/Sling_apiregions_3_b/src/main/java/org/apache/sling/feature/extension/apiregions/launcher/LauncherProperties.java,/data2/seongbin/GBR/checkout/Sling_apiregions_3_f/src/main/java/org/apache/sling/feature/extension/apiregions/launcher/LauncherProperties.java,Sling_apiregions
/data2/seongbin/GBR/checkout/Sling_validation_1_b/src/main/java/org/apache/sling/validation/impl/ValidatorMap.java,/data2/seongbin/GBR/checkout/Sling_validation_1_f/src/main/java/org/apache/sling/validation/impl/ValidatorMap.java,Sling_validation
/data2/seongbin/GBR/checkout/Solarpositioning_1_b/src/main/java/net/e175/klaus/solarpositioning/SPA.java,/data2/seongbin/GBR/checkout/Solarpositioning_1_f/src/main/java/net/e175/klaus/solarpositioning/SPA.java,Solarpositioning
/data2/seongbin/GBR/checkout/Solarpositioning_2_b/src/main/java/net/e175/klaus/solarpositioning/SPA.java,/data2/seongbin/GBR/checkout/Solarpositioning_2_f/src/main/java/net/e175/klaus/solarpositioning/SPA.java,Solarpositioning
/data2/seongbin/GBR/checkout/Spoon_8_b/src/main/java/spoon/support/compiler/FileSystemFolder.java,/data2/seongbin/GBR/checkout/Spoon_8_f/src/main/java/spoon/support/compiler/FileSystemFolder.java,Spoon
/data2/seongbin/GBR/checkout/Spoon_12_b/src/main/java/spoon/reflect/visitor/DefaultJavaPrettyPrinter.java,/data2/seongbin/GBR/checkout/Spoon_12_f/src/main/java/spoon/reflect/visitor/DefaultJavaPrettyPrinter.java,Spoon
/data2/seongbin/GBR/checkout/Stash_jenkins_postreceive_webhook_1_b/src/main/java/com/nerdwin15/stash/webhook/Notifier.java,/data2/seongbin/GBR/checkout/Stash_jenkins_postreceive_webhook_1_f/src/main/java/com/nerdwin15/stash/webhook/Notifier.java,Stash_jenkins_postreceive_webhook
/data2/seongbin/GBR/checkout/Storm_client_1_b/storm-client/src/jvm/org/apache/storm/blobstore/BlobStore.java,/data2/seongbin/GBR/checkout/Storm_client_1_f/storm-client/src/jvm/org/apache/storm/blobstore/BlobStore.java,Storm_client
/data2/seongbin/GBR/checkout/Suffixtree_1_b/src/main/java/com/abahgat/suffixtree/GeneralizedSuffixTree.java,/data2/seongbin/GBR/checkout/Suffixtree_1_f/src/main/java/com/abahgat/suffixtree/GeneralizedSuffixTree.java,Suffixtree
/data2/seongbin/GBR/checkout/Switchyard_validate_1_b/validate/src/main/java/org/switchyard/validate/ValidatorUtil.java,/data2/seongbin/GBR/checkout/Switchyard_validate_1_f/validate/src/main/java/org/switchyard/validate/ValidatorUtil.java,Switchyard_validate
/data2/seongbin/GBR/checkout/Template_benchmark_1_b/src/main/java/com/mitchellbosecke/benchmark/Trimou.java,/data2/seongbin/GBR/checkout/Template_benchmark_1_f/src/main/java/com/mitchellbosecke/benchmark/Trimou.java,Template_benchmark
/data2/seongbin/GBR/checkout/Tez_common_1_b/tez-common/src/main/java/org/apache/tez/common/TezUtilsInternal.java,/data2/seongbin/GBR/checkout/Tez_common_1_f/tez-common/src/main/java/org/apache/tez/common/TezUtilsInternal.java,Tez_common
/data2/seongbin/GBR/checkout/Tika_1_b/src/main/java/org/apache/tika/mime/MimeTypes.java,/data2/seongbin/GBR/checkout/Tika_1_f/src/main/java/org/apache/tika/mime/MimeTypes.java,Tika
/data2/seongbin/GBR/checkout/Tika_app_3_b/tika-app/src/main/java/org/apache/tika/cli/TikaCLI.java,/data2/seongbin/GBR/checkout/Tika_app_3_f/tika-app/src/main/java/org/apache/tika/cli/TikaCLI.java,Tika_app
/data2/seongbin/GBR/checkout/Tika_core_4_b/tika-core/src/main/java/org/apache/tika/language/LanguageIdentifier.java,/data2/seongbin/GBR/checkout/Tika_core_4_f/tika-core/src/main/java/org/apache/tika/language/LanguageIdentifier.java,Tika_core
/data2/seongbin/GBR/checkout/Tika_core_6_b/tika-core/src/main/java/org/apache/tika/sax/XHTMLContentHandler.java,/data2/seongbin/GBR/checkout/Tika_core_6_f/tika-core/src/main/java/org/apache/tika/sax/XHTMLContentHandler.java,Tika_core
/data2/seongbin/GBR/checkout/Tika_core_17_b/tika-core/src/main/java/org/apache/tika/sax/XHTMLContentHandler.java,/data2/seongbin/GBR/checkout/Tika_core_17_f/tika-core/src/main/java/org/apache/tika/sax/XHTMLContentHandler.java,Tika_core
/data2/seongbin/GBR/checkout/Tika_core_20_b/tika-core/src/main/java/org/apache/tika/sax/XHTMLContentHandler.java,/data2/seongbin/GBR/checkout/Tika_core_20_f/tika-core/src/main/java/org/apache/tika/sax/XHTMLContentHandler.java,Tika_core
/data2/seongbin/GBR/checkout/Tiles_core_1_b/tiles-core/src/main/java/org/apache/tiles/renderer/impl/BasicRendererFactory.java,/data2/seongbin/GBR/checkout/Tiles_core_1_f/tiles-core/src/main/java/org/apache/tiles/renderer/impl/BasicRendererFactory.java,Tiles_core
/data2/seongbin/GBR/checkout/Tiles_core_3_b/tiles-core/src/main/java/org/apache/tiles/definition/pattern/PatternUtil.java,/data2/seongbin/GBR/checkout/Tiles_core_3_f/tiles-core/src/main/java/org/apache/tiles/definition/pattern/PatternUtil.java,Tiles_core
/data2/seongbin/GBR/checkout/Time_4_b/src/main/java/org/joda/time/Partial.java,/data2/seongbin/GBR/checkout/Time_4_f/src/main/java/org/joda/time/Partial.java,Time
/data2/seongbin/GBR/checkout/Time_7_b/src/main/java/org/joda/time/format/DateTimeFormatter.java,/data2/seongbin/GBR/checkout/Time_7_f/src/main/java/org/joda/time/format/DateTimeFormatter.java,Time
/data2/seongbin/GBR/checkout/Time_16_b/src/main/java/org/joda/time/format/DateTimeFormatter.java,/data2/seongbin/GBR/checkout/Time_16_f/src/main/java/org/joda/time/format/DateTimeFormatter.java,Time
/data2/seongbin/GBR/checkout/Time_19_b/src/main/java/org/joda/time/DateTimeZone.java,/data2/seongbin/GBR/checkout/Time_19_f/src/main/java/org/joda/time/DateTimeZone.java,Time
/data2/seongbin/GBR/checkout/Tinkerpop_gremlin_core_1_b/gremlin-core/src/main/java/org/apache/tinkerpop/gremlin/process/traversal/step/util/BulkSet.java,/data2/seongbin/GBR/checkout/Tinkerpop_gremlin_core_1_f/gremlin-core/src/main/java/org/apache/tinkerpop/gremlin/process/traversal/step/util/BulkSet.java,Tinkerpop_gremlin_core
/data2/seongbin/GBR/checkout/Twill_dcore_1_b/twill-discovery-core/src/main/java/org/apache/twill/discovery/DefaultServiceDiscovered.java,/data2/seongbin/GBR/checkout/Twill_dcore_1_f/twill-discovery-core/src/main/java/org/apache/twill/discovery/DefaultServiceDiscovered.java,Twill_dcore
/data2/seongbin/GBR/checkout/Validator_16_b/src/main/java/org/apache/commons/validator/routines/DomainValidator.java,/data2/seongbin/GBR/checkout/Validator_16_f/src/main/java/org/apache/commons/validator/routines/DomainValidator.java,Validator
/data2/seongbin/GBR/checkout/Validator_21_b/src/main/java/org/apache/commons/validator/routines/IBANValidator.java,/data2/seongbin/GBR/checkout/Validator_21_f/src/main/java/org/apache/commons/validator/routines/IBANValidator.java,Validator
/data2/seongbin/GBR/checkout/Vectorz_1_b/src/main/java/mikera/matrixx/decompose/impl/lu/AltLU.java,/data2/seongbin/GBR/checkout/Vectorz_1_f/src/main/java/mikera/matrixx/decompose/impl/lu/AltLU.java,Vectorz
/data2/seongbin/GBR/checkout/Vectorz_4_b/src/main/java/mikera/vectorz/util/IntArrays.java,/data2/seongbin/GBR/checkout/Vectorz_4_f/src/main/java/mikera/vectorz/util/IntArrays.java,Vectorz
/data2/seongbin/GBR/checkout/Weld_se_core_1_b/environments/se/core/src/main/java/org/jboss/weld/environment/se/Weld.java,/data2/seongbin/GBR/checkout/Weld_se_core_1_f/environments/se/core/src/main/java/org/jboss/weld/environment/se/Weld.java,Weld_se_core
/data2/seongbin/GBR/checkout/Wicket_core_7_b/wicket-core/src/main/java/org/apache/wicket/request/resource/PackageResourceReference.java,/data2/seongbin/GBR/checkout/Wicket_core_7_f/wicket-core/src/main/java/org/apache/wicket/request/resource/PackageResourceReference.java,Wicket_core
/data2/seongbin/GBR/checkout/Wicket_core_11_b/wicket-core/src/main/java/org/apache/wicket/validation/validator/UrlValidator.java,/data2/seongbin/GBR/checkout/Wicket_core_11_f/wicket-core/src/main/java/org/apache/wicket/validation/validator/UrlValidator.java,Wicket_core
/data2/seongbin/GBR/checkout/Wicket_core_12_b/wicket-core/src/main/java/org/apache/wicket/MarkupContainer.java,/data2/seongbin/GBR/checkout/Wicket_core_12_f/wicket-core/src/main/java/org/apache/wicket/MarkupContainer.java,Wicket_core
/data2/seongbin/GBR/checkout/Wicket_core_15_b/wicket-core/src/main/java/org/apache/wicket/validation/validator/CreditCardValidator.java,/data2/seongbin/GBR/checkout/Wicket_core_15_f/wicket-core/src/main/java/org/apache/wicket/validation/validator/CreditCardValidator.java,Wicket_core
/data2/seongbin/GBR/checkout/Wicket_core_17_b/wicket-core/src/main/java/org/apache/wicket/Component.java,/data2/seongbin/GBR/checkout/Wicket_core_17_f/wicket-core/src/main/java/org/apache/wicket/Component.java,Wicket_core
/data2/seongbin/GBR/checkout/Wicket_core_18_b/wicket-core/src/main/java/org/apache/wicket/Application.java,/data2/seongbin/GBR/checkout/Wicket_core_18_f/wicket-core/src/main/java/org/apache/wicket/Application.java,Wicket_core
/data2/seongbin/GBR/checkout/Wicket_request_1_b/wicket-request/src/main/java/org/apache/wicket/request/Url.java,/data2/seongbin/GBR/checkout/Wicket_request_1_f/wicket-request/src/main/java/org/apache/wicket/request/Url.java,Wicket_request
/data2/seongbin/GBR/checkout/Wicket_spring_1_b/wicket-spring/src/main/java/org/apache/wicket/spring/injection/annot/AnnotProxyFieldValueFactory.java,/data2/seongbin/GBR/checkout/Wicket_spring_1_f/wicket-spring/src/main/java/org/apache/wicket/spring/injection/annot/AnnotProxyFieldValueFactory.java,Wicket_spring
/data2/seongbin/GBR/checkout/Wicket_util_1_b/wicket-util/src/main/java/org/apache/wicket/util/time/Time.java,/data2/seongbin/GBR/checkout/Wicket_util_1_f/wicket-util/src/main/java/org/apache/wicket/util/time/Time.java,Wicket_util
/data2/seongbin/GBR/checkout/Wicket_util_2_b/wicket-util/src/main/java/org/apache/wicket/util/string/Strings.java,/data2/seongbin/GBR/checkout/Wicket_util_2_f/wicket-util/src/main/java/org/apache/wicket/util/string/Strings.java,Wicket_util
/data2/seongbin/GBR/checkout/Wicket_util_4_b/wicket-util/src/main/java/org/apache/wicket/util/io/Connections.java,/data2/seongbin/GBR/checkout/Wicket_util_4_f/wicket-util/src/main/java/org/apache/wicket/util/io/Connections.java,Wicket_util
/data2/seongbin/GBR/checkout/Woodstox_1_b/src/main/java/com/ctc/wstx/sr/BasicStreamReader.java,/data2/seongbin/GBR/checkout/Woodstox_1_f/src/main/java/com/ctc/wstx/sr/BasicStreamReader.java,Woodstox
/data2/seongbin/GBR/checkout/Woodstox_3_b/src/main/java/com/ctc/wstx/sw/BaseStreamWriter.java,/data2/seongbin/GBR/checkout/Woodstox_3_f/src/main/java/com/ctc/wstx/sw/BaseStreamWriter.java,Woodstox
/data2/seongbin/GBR/checkout/Woodstox_4_b/src/main/java/com/ctc/wstx/sw/BaseStreamWriter.java,/data2/seongbin/GBR/checkout/Woodstox_4_f/src/main/java/com/ctc/wstx/sw/BaseStreamWriter.java,Woodstox
/data2/seongbin/GBR/checkout/Zip4j_3_b/src/main/java/net/lingala/zip4j/tasks/AbstractExtractFileTask.java,/data2/seongbin/GBR/checkout/Zip4j_3_f/src/main/java/net/lingala/zip4j/tasks/AbstractExtractFileTask.java,Zip4j
/data2/seongbin/GBR/checkout/Zip4j_10_b/src/main/java/net/lingala/zip4j/tasks/RenameFilesTask.java,/data2/seongbin/GBR/checkout/Zip4j_10_f/src/main/java/net/lingala/zip4j/tasks/RenameFilesTask.java,Zip4j
/data2/seongbin/GBR/checkout/Zip4j_16_b/src/main/java/net/lingala/zip4j/tasks/RemoveFilesFromZipTask.java,/data2/seongbin/GBR/checkout/Zip4j_16_f/src/main/java/net/lingala/zip4j/tasks/RemoveFilesFromZipTask.java,Zip4j
/data2/seongbin/GBR/checkout/Zip4j_19_b/src/main/java/net/lingala/zip4j/tasks/ExtractFileTask.java,/data2/seongbin/GBR/checkout/Zip4j_19_f/src/main/java/net/lingala/zip4j/tasks/ExtractFileTask.java,Zip4j
/data2/seongbin/GBR/checkout/Zip4j_25_b/src/main/java/net/lingala/zip4j/headers/HeaderReader.java,/data2/seongbin/GBR/checkout/Zip4j_25_f/src/main/java/net/lingala/zip4j/headers/HeaderReader.java,Zip4j
/data2/seongbin/GBR/checkout/jackson_modules_java8_datetime_5_b/datetime/src/main/java/com/fasterxml/jackson/datatype/jsr310/deser/InstantDeserializer.java,/data2/seongbin/GBR/checkout/jackson_modules_java8_datetime_5_f/datetime/src/main/java/com/fasterxml/jackson/datatype/jsr310/deser/InstantDeserializer.java,jackson_modules_java8_datetime
/data2/seongbin/GBR//checkout/Chart_1_b/source/org/jfree/chart/renderer/category/AbstractCategoryItemRenderer.java,/data2/seongbin/GBR//checkout/Chart_1_f/source/org/jfree/chart/renderer/category/AbstractCategoryItemRenderer.java,Chart
/data2/seongbin/GBR//checkout/Chart_8_b/source/org/jfree/data/time/Week.java,/data2/seongbin/GBR//checkout/Chart_8_f/source/org/jfree/data/time/Week.java,Chart
/data2/seongbin/GBR//checkout/Chart_9_b/source/org/jfree/data/time/TimeSeries.java,/data2/seongbin/GBR//checkout/Chart_9_f/source/org/jfree/data/time/TimeSeries.java,Chart
/data2/seongbin/GBR//checkout/Chart_10_b/source/org/jfree/chart/imagemap/StandardToolTipTagFragmentGenerator.java,/data2/seongbin/GBR//checkout/Chart_10_f/source/org/jfree/chart/imagemap/StandardToolTipTagFragmentGenerator.java,Chart
/data2/seongbin/GBR//checkout/Chart_11_b/source/org/jfree/chart/util/ShapeUtilities.java,/data2/seongbin/GBR//checkout/Chart_11_f/source/org/jfree/chart/util/ShapeUtilities.java,Chart
/data2/seongbin/GBR//checkout/Chart_12_b/source/org/jfree/chart/plot/MultiplePiePlot.java,/data2/seongbin/GBR//checkout/Chart_12_f/source/org/jfree/chart/plot/MultiplePiePlot.java,Chart
/data2/seongbin/GBR//checkout/Chart_13_b/source/org/jfree/chart/block/BorderArrangement.java,/data2/seongbin/GBR//checkout/Chart_13_f/source/org/jfree/chart/block/BorderArrangement.java,Chart
/data2/seongbin/GBR//checkout/Chart_20_b/source/org/jfree/chart/plot/ValueMarker.java,/data2/seongbin/GBR//checkout/Chart_20_f/source/org/jfree/chart/plot/ValueMarker.java,Chart
/data2/seongbin/GBR//checkout/Chart_24_b/source/org/jfree/chart/renderer/GrayPaintScale.java,/data2/seongbin/GBR//checkout/Chart_24_f/source/org/jfree/chart/renderer/GrayPaintScale.java,Chart
